﻿Designator,Footprint,Quantity,Value,LCSC Part #
"D1, D10, D11, D2, D3, D4, D5, D6, D7, D8, D9",D_DO-35_SOD27_P7.62mm_Horizontal,11,1N4148,
J2,128x64OLED,1,OLED_128x64,
"SW1, SW10, SW2, SW3, SW4, SW5, SW6, SW7, SW8, SW9",SW_Cherry_MX_1.00u_PCB,10,SW_Push,
SW11,SW_Cherry_MX_2.00u_PCB,1,SW_Push,
"SW12, SW13, SW14, SW15, SW16",RotaryEncoder_Alps_EC11E-Switch_Vertical_H20mm_CircularMountingHoles,5,RotaryEncoder_Switch,
U1,Seeed_XIAO_RP2040,1,Seeed Studio XIAO SAMD21,
U2,DIP-28_W7.62mm,1,MCP23017_SP,
