﻿pos_x,pos_y,rotation,side,designator,mpn,pack,footprint,value,mount_type
196.0,-98.0,0.0,top,D1,,AXIAL LEAD-2 ON Semiconductor,DIOAD753W49L380D172B,1N4148,tht
217.05,-100.9,0.0,top,D10,,,LED_SK6812_PLCC4_5.0x5.0mm_P3.2mm,SK6812,smt
141.05,-133.1,0.0,top,D11,,,LED_SK6812_PLCC4_5.0x5.0mm_P3.2mm,SK6812,smt
185.05,-104.9,0.0,top,D12,,,LED_SK6812_PLCC4_5.0x5.0mm_P3.2mm,SK6812,smt
184.95,-62.1,0.0,top,D13,,,LED_SK6812_PLCC4_5.0x5.0mm_P3.2mm,SK6812,smt
160.05,-131.1,0.0,top,D17,,,LED_SK6812_PLCC4_5.0x5.0mm_P3.2mm,SK6812,smt
154.0,-67.0,0.0,top,D2,,AXIAL LEAD-2 ON Semiconductor,DIOAD753W49L380D172B,1N4148,tht
154.0,-63.5,0.0,top,D3,,AXIAL LEAD-2 ON Semiconductor,DIOAD753W49L380D172B,1N4148,tht
147.0,-99.5,0.0,top,D4,,AXIAL LEAD-2 ON Semiconductor,DIOAD753W49L380D172B,1N4148,tht
147.0,-93.0,0.0,top,D5,,AXIAL LEAD-2 ON Semiconductor,DIOAD753W49L380D172B,1N4148,tht
147.0,-102.5,0.0,top,D6,,AXIAL LEAD-2 ON Semiconductor,DIOAD753W49L380D172B,1N4148,tht
158.5,-90.5,0.0,top,D7,,,LED_SK6812_PLCC4_5.0x5.0mm_P3.2mm,SK6812,smt
178.05,-88.9,0.0,top,D8,,,LED_SK6812_PLCC4_5.0x5.0mm_P3.2mm,SK6812,smt
197.55,-90.9,0.0,top,D9,,,LED_SK6812_PLCC4_5.0x5.0mm_P3.2mm,SK6812,smt
129.115,-109.885,90.0,top,J1,,,SSD1306-0.91-OLED-4pin-128x32,Conn_01x04_Socket,tht
160.96,-72.42,0.0,top,SW1,,,SW_Cherry_MX_1.00u_PCB,SW_Push,tht
180.5,-70.92,0.0,top,SW2,,,SW_Cherry_MX_1.00u_PCB,SW_Push,tht
200.04,-72.92,0.0,top,SW3,,,SW_Cherry_MX_1.00u_PCB,SW_Push,tht
143.54,-115.42,0.0,top,SW4,,,SW_Cherry_MX_1.00u_PCB,SW_Push,tht
219.62,-82.92,0.0,top,SW5,,,SW_Cherry_MX_1.00u_PCB,SW_Push,tht
163.04,-113.42,0.0,top,SW6,,,SW_Cherry_MX_1.00u_PCB,SW_Push,tht
191.0,-54.6,0.0,top,SW7,,,RotaryEncoder_Alps_EC11E-Switch_Vertical_H20mm_CircularMountingHoles,RotaryEncoder_Switch,tht
137.5,-60.2685,0.0,top,U1,,,XIAO-RP2040-DIP,XIAO-RP2040-DIP,smt
