﻿Designator,Quantity,Value,Footprint,Package,MPN,DNP,Mount_Type,DigiKey_Part_Number,SnapEDA_Link,MAXIMUM_PACKAGE_HEIGHT,Check_prices,STANDARD,PARTREV,MF,MP,Description_1,MANUFACTURER,Description
"D1, D2, D3, D4, D5, D6",6,1N4148,DIOAD753W49L380D172B,AXIAL LEAD-2 ON Semiconductor,,,tht,1N4148FS-ND,https://www.snapeda.com/parts/1N4148/Onsemi/view-part/?ref=snap,1.91mm,https://www.snapeda.com/parts/1N4148/Onsemi/view-part/?ref=eda,IPC-7351B,5,onsemi,1N4148,Diode Standard 75V 200mA Surface Mount SOD-523F,Onsemi,
"D10, D11, D12, D13, D17, D7, D8, D9",8,SK6812,LED_SK6812_PLCC4_5.0x5.0mm_P3.2mm,,,,smt,,,,,,,,,,,RGB LED with integrated controller
J1,1,Conn_01x04_Socket,SSD1306-0.91-OLED-4pin-128x32,,,,tht,,,,,,,,,,,"Generic connector, single row, 01x04, script generated"
"SW1, SW2, SW3, SW4, SW5, SW6",6,SW_Push,SW_Cherry_MX_1.00u_PCB,,,,tht,,,,,,,,,,,"Push button switch, generic, two pins"
SW7,1,RotaryEncoder_Switch,RotaryEncoder_Alps_EC11E-Switch_Vertical_H20mm_CircularMountingHoles,,,,tht,,,,,,,,,,,"Rotary encoder, dual channel, incremental quadrate outputs, with switch"
U1,1,XIAO-RP2040-DIP,XIAO-RP2040-DIP,,,,smt,,,,,,,,,,,
