﻿Designator,Footprint,Quantity,Value,LCSC Part #
"D10, D11, D12, D14, D15, D16, D17, D18, D2, D20, D21, D22, D23, D25, D26, D27, D28, D3, D30, D31, D32, D33, D34, D36, D37, D38, D39, D4, D41, D42, D43, D44, D46, D47, D48, D49, D5, D51, D52, D53, D54, D55, D57, D58, D59, D6, D60, D61, D62, D63, D64, D65, D66, D67, D68, D69, D71, D72, D75, D76, D8, D9",D_DO-41_SOD81_P12.70mm_Horizontal,62,D,
J3,PinHeader_1x04_P2.54mm_Vertical,1,0.96 oled,
"SW1, SW10, SW11, SW12, SW13, SW14, SW15, SW16, SW17, SW18, SW19, SW2, SW20, SW21, SW22, SW23, SW24, SW25, SW26, SW27, SW28, SW29, SW3, SW30, SW31, SW32, SW33, SW34, SW35, SW36, SW37, SW38, SW39, SW4, SW40, SW41, SW42, SW43, SW44, SW45, SW46, SW47, SW48, SW49, SW5, SW50, SW51, SW52, SW53, SW54, SW55, SW56, SW57, SW58, SW59, SW6, SW60, SW61, SW62, SW7, SW8, SW9",MX_PCB_1.00u,62,SW_Push,
U2,Raspberry_Pi_Pico,1,Raspberry_Pi_Pico,
