﻿pos_x,pos_y,rotation,side,designator,mpn,pack,footprint,value,mount_type
178.5,-99.9625,-90.0,top,C10,,,C_0805_2012Metric_Pad1.18x1.45mm_HandSolder,10uF,smt
183.37,-89.25,0.0,top,C11,,,C_0805_2012Metric_Pad1.18x1.45mm_HandSolder,100nF,smt
183.37,-91.5,0.0,top,C12,,,C_0805_2012Metric_Pad1.18x1.45mm_HandSolder,1uF,smt
170.87,-42.25,180.0,top,C13,,,C_0805_2012Metric_Pad1.18x1.45mm_HandSolder,10uF,smt
183.37,-96.0,0.0,top,C14,,,C_0805_2012Metric_Pad1.18x1.45mm_HandSolder,100nF,smt
152.7875,-58.75,180.0,top,C15,,,C_0805_2012Metric_Pad1.18x1.45mm_HandSolder,10uF,smt
152.7125,-56.25,180.0,top,C16,,,C_0805_2012Metric_Pad1.18x1.45mm_HandSolder,10uF,smt
152.7125,-53.75,0.0,top,C17,,,C_0805_2012Metric_Pad1.18x1.45mm_HandSolder,10uF,smt
174.5,-62.25,0.0,top,C5,,,C_0805_2012Metric_Pad1.18x1.45mm_HandSolder,1uF,smt
159.75,-67.0375,90.0,top,C6,,,C_0805_2012Metric_Pad1.18x1.45mm_HandSolder,10uF,smt
179.0375,-66.0,0.0,top,C7,,,C_0805_2012Metric_Pad1.18x1.45mm_HandSolder,1uF,smt
162.25,-67.0375,90.0,top,C8,,,C_0805_2012Metric_Pad1.18x1.45mm_HandSolder,10uF,smt
180.75,-99.9625,-90.0,top,C9,,,C_0805_2012Metric_Pad1.18x1.45mm_HandSolder,100nF,smt
228.0,-73.62,90.0,top,D10,,,D_DO-35_SOD27_P7.62mm_Horizontal,D,tht
228.0,-93.62,90.0,top,D11,,,D_DO-35_SOD27_P7.62mm_Horizontal,D,tht
228.0,-113.62,90.0,top,D12,,,D_DO-35_SOD27_P7.62mm_Horizontal,D,tht
228.0,-133.62,90.0,top,D13,,,D_DO-35_SOD27_P7.62mm_Horizontal,D,tht
197.5,-73.0,180.0,bottom,D14,,,SK6812-MINI-E,SK6812MINI,smt
197.5,-93.0,180.0,bottom,D15,,,SK6812-MINI-E,SK6812MINI,smt
197.5,-113.0,180.0,bottom,D16,,,SK6812-MINI-E,SK6812MINI,smt
197.5,-133.0,180.0,bottom,D17,,,SK6812-MINI-E,SK6812MINI,smt
217.5,-73.0,180.0,bottom,D18,,,SK6812-MINI-E,SK6812MINI,smt
217.5,-93.0,180.0,bottom,D19,,,SK6812-MINI-E,SK6812MINI,smt
188.0,-73.62,90.0,top,D2,,,D_DO-35_SOD27_P7.62mm_Horizontal,D,tht
217.5,-113.0,180.0,bottom,D20,,,SK6812-MINI-E,SK6812MINI,smt
217.5,-133.0,180.0,bottom,D21,,,SK6812-MINI-E,SK6812MINI,smt
237.5,-73.0,180.0,bottom,D22,,,SK6812-MINI-E,SK6812MINI,smt
237.675,-93.0,180.0,bottom,D23,,,SK6812-MINI-E,SK6812MINI,smt
237.5,-113.0,180.0,bottom,D24,,,SK6812-MINI-E,SK6812MINI,smt
237.5,-133.0,180.0,bottom,D25,,,SK6812-MINI-E,SK6812MINI,smt
181.5,-83.25,0.0,bottom,D26,,,SK6812-MINI-E,SK6812MINI,smt
174.5375,-66.0,180.0,top,D27,B5819WS,,C_0805_2012Metric_Pad1.18x1.45mm_HandSolder,B5819WS,smt
188.0,-93.62,90.0,top,D3,,,D_DO-35_SOD27_P7.62mm_Horizontal,D,tht
188.0,-113.62,90.0,top,D4,,,D_DO-35_SOD27_P7.62mm_Horizontal,D,tht
188.0,-133.62,90.0,top,D5,,,D_DO-35_SOD27_P7.62mm_Horizontal,D,tht
208.0,-73.62,90.0,top,D6,,,D_DO-35_SOD27_P7.62mm_Horizontal,D,tht
208.0,-93.62,90.0,top,D7,,,D_DO-35_SOD27_P7.62mm_Horizontal,D,tht
208.0,-113.62,90.0,top,D8,,,D_DO-35_SOD27_P7.62mm_Horizontal,D,tht
208.0,-133.62,90.0,top,D9,,,D_DO-35_SOD27_P7.62mm_Horizontal,D,tht
165.0,-96.0,180.0,top,IC2,ESP32-S3-WROOM-1-N8R2,,ESP32S3WROOM1N8R2,ESP32-S3-WROOM-1-N8R2,smt
161.0,-71.5,0.0,top,IC3,TP4054,,SOT95P280X100-5N,TP4054,smt
180.0,-43.0,180.0,top,J1,,,USB_C_Receptacle_G-Switch_GT-USB-7010ASV,USB_C_Receptacle_USB2.0_16P,smt
153.8,-63.5,-90.0,top,J2,,,JST_PH_B2B-PH-K_1x02_P2.00mm_Vertical,LIPO,tht
152.25,-91.0,0.0,top,J3,,,PinHeader_1x04_P1.00mm_Vertical,JTAG,tht
157.0,-79.75,-90.0,top,J4,,,PinHeader_1x03_P2.54mm_Vertical,Conn_01x03,tht
152.25,-86.75,180.0,top,J6,,,PinHeader_1x02_P2.54mm_Vertical,3.3V,tht
163.5,-49.9775,180.0,top,J8,,,USB_A_CONNFLY_DS1095-WNR0,USB_A,tht
171.475,-79.75,90.0,top,J9,,,PinHeader_1x02_P2.54mm_Vertical,5V,tht
170.5,-71.5,0.0,top,Q2,CJ2301 S1,,SOT95P240X115-3N,CJ2301_S1,smt
183.4,-93.72,180.0,top,R10,,,R_0805_2012Metric_Pad1.20x1.40mm_HandSolder,10k,smt
170.9,-47.2,180.0,top,R11,,,R_0805_2012Metric_Pad1.20x1.40mm_HandSolder,5.1k,smt
170.9,-44.7,180.0,top,R12,,,R_0805_2012Metric_Pad1.20x1.40mm_HandSolder,5.1k,smt
163.5,-76.0,-90.0,top,R13,,,R_0805_2012Metric_Pad1.20x1.40mm_HandSolder,100k,smt
159.75,-76.0,90.0,top,R14,,,R_0805_2012Metric_Pad1.20x1.40mm_HandSolder,100k,smt
167.0,-76.0,-90.0,top,R16,,,R_0805_2012Metric_Pad1.20x1.40mm_HandSolder,10k,smt
170.0,-66.0,180.0,top,R7,,,R_0805_2012Metric_Pad1.20x1.40mm_HandSolder,100k,smt
175.5,-71.5,-90.0,top,R8,,,R_0805_2012Metric_Pad1.20x1.40mm_HandSolder,100k,smt
183.4,-86.97,180.0,top,R9,,,R_0805_2012Metric_Pad1.20x1.40mm_HandSolder,10k,smt
200.065,-63.445,0.0,top,SW1,,,SW_Cherry_MX_1.00u_PCB,SW_Push,tht
240.065,-83.445,0.0,top,SW10,,,SW_Cherry_MX_1.00u_PCB,SW_Push,tht
240.065,-103.445,0.0,top,SW11,,,SW_Cherry_MX_1.00u_PCB,SW_Push,tht
240.065,-123.445,0.0,top,SW12,,,SW_Cherry_MX_1.00u_PCB,SW_Push,tht
190.0,-47.0,0.0,top,SW14,,,RotaryEncoder_Alps_EC11E-Switch_Vertical_H20mm_CircularMountingHoles,RotaryEncoder_Switch,tht
179.25,-88.5,90.0,top,SW15,,,SW_Push_SPST_NO_Alps_SKRK,SW_Push,smt
179.25,-94.5,90.0,top,SW16,,,SW_Push_SPST_NO_Alps_SKRK,SW_Push,smt
152.0,-73.4986,-90.0,top,SW17,,,MK-12C02-G020_GSW,MK-12C02-G020,smt
200.065,-83.445,0.0,top,SW2,,,SW_Cherry_MX_1.00u_PCB,SW_Push,tht
200.065,-103.395,0.0,top,SW3,,,SW_Cherry_MX_1.00u_PCB,SW_Push,tht
200.065,-123.445,0.0,top,SW4,,,SW_Cherry_MX_1.00u_PCB,SW_Push,tht
220.065,-63.445,0.0,top,SW5,,,SW_Cherry_MX_1.00u_PCB,SW_Push,tht
220.065,-83.445,0.0,top,SW6,,,SW_Cherry_MX_1.00u_PCB,SW_Push,tht
220.065,-103.445,0.0,top,SW7,,,SW_Cherry_MX_1.00u_PCB,SW_Push,tht
220.065,-123.445,0.0,top,SW8,,,SW_Cherry_MX_1.00u_PCB,SW_Push,tht
240.065,-63.445,0.0,top,SW9,,,SW_Cherry_MX_1.00u_PCB,SW_Push,tht
180.0,-71.5,0.0,top,U2,,,SOT95P282X145-5N,ME6211C33M5,smt
163.575,-58.5,0.0,top,U3,,Package,SO16,SL2.1A,smt
