﻿Designator,Quantity,Value,Footprint,Package,MPN,DNP,Mount_Type,Description,Sim.Device,Sim.Pins,Height,Manufacturer_Name,Mouser Part Number,Mouser Price/Stock,SnapEDA_Link,Description_1,MF,Check_prices,MP
"C10, C13, C15, C16, C17, C6, C8",7,10uF,C_0805_2012Metric_Pad1.18x1.45mm_HandSolder,,,,smt,"Unpolarized capacitor, small symbol",,,,,,,,,,,
"C11, C14, C9",3,100nF,C_0805_2012Metric_Pad1.18x1.45mm_HandSolder,,,,smt,"Unpolarized capacitor, small symbol",,,,,,,,,,,
"C12, C5, C7",3,1uF,C_0805_2012Metric_Pad1.18x1.45mm_HandSolder,,,,smt,"Unpolarized capacitor, small symbol",,,,,,,,,,,
"D10, D11, D12, D13, D2, D3, D4, D5, D6, D7, D8, D9",12,D,D_DO-35_SOD27_P7.62mm_Horizontal,,,,tht,Diode,D,1=K 2=A,,,,,,,,,
"D14, D15, D16, D17, D18, D19, D20, D21, D22, D23, D24, D25, D26",13,SK6812MINI,SK6812-MINI-E,,,,smt,RGB LED with integrated controller,,,,,,,,,,,
D27,1,B5819WS,C_0805_2012Metric_Pad1.18x1.45mm_HandSolder,,B5819WS,,smt,DIODE SCHOTTKY 40V 1A SOD323,,,1,"Yangzhou Yangjie Electronic Technology Co., Ltd.",,,,,,,
IC2,1,ESP32-S3-WROOM-1-N8R2,ESP32S3WROOM1N8R2,,ESP32-S3-WROOM-1-N8R2,,smt,"WiFi Modules - 802.11 (Engineering Samples Only) SMD Module, ESP32-S3R2, 2 MB PSRAM, 8 MB SPI Flash, PCB Antenna ,,",,,3.25,Espressif Systems,356-ESP32-S3WRM1N8R2,https://www.mouser.co.uk/ProductDetail/Espressif-Systems/ESP32-S3-WROOM-1-N8R2?qs=Wj%2FVkw3K%252BMCC1Ha9x85iJA%3D%3D,,,,,
IC3,1,TP4054,SOT95P280X100-5N,,TP4054,,smt,Standalone Linear Li-lon Battery Charger with Thermal Regulation in SOT-23-5,,,1,NanJing Top Power,,,,,,,
J1,1,USB_C_Receptacle_USB2.0_16P,USB_C_Receptacle_G-Switch_GT-USB-7010ASV,,,,smt,USB 2.0-only 16P Type-C Receptacle connector,,,,,,,,,,,
J2,1,LIPO,JST_PH_B2B-PH-K_1x02_P2.00mm_Vertical,,,,tht,"Generic connector, single row, 01x02, script generated (kicad-library-utils/schlib/autogen/connector/)",,,,,,,,,,,
J3,1,JTAG,PinHeader_1x04_P1.00mm_Vertical,,,,tht,"Generic connector, single row, 01x04, script generated (kicad-library-utils/schlib/autogen/connector/)",,,,,,,,,,,
J4,1,Conn_01x03,PinHeader_1x03_P2.54mm_Vertical,,,,tht,"Generic connector, single row, 01x03, script generated (kicad-library-utils/schlib/autogen/connector/)",,,,,,,,,,,
J5,1,OLED_128x32,OLED_128x32,,,,tht,,,,,,,,,,,,
J6,1,3.3V,PinHeader_1x02_P2.54mm_Vertical,,,,tht,"Generic connector, single row, 01x02, script generated (kicad-library-utils/schlib/autogen/connector/)",,,,,,,,,,,
J8,1,USB_A,USB_A_CONNFLY_DS1095-WNR0,,,,tht,USB Type A connector,,,,,,,,,,,
J9,1,5V,PinHeader_1x02_P2.54mm_Vertical,,,,tht,"Generic connector, single row, 01x02, script generated (kicad-library-utils/schlib/autogen/connector/)",,,,,,,,,,,
Q2,1,CJ2301_S1,SOT95P240X115-3N,,CJ2301 S1,,smt,"MOSFET P Trench 20V 2.3A 1V @ 250uA 112 m @ 2.8A,4.5V SOT-23(SOT-23-3) RoHS",,,1.15,Changjiang Electronics Tech (CJ),,,,,,,
"R10, R16, R9",3,10k,R_0805_2012Metric_Pad1.20x1.40mm_HandSolder,,,,smt,Resistor,,,,,,,,,,,
"R11, R12",2,5.1k,R_0805_2012Metric_Pad1.20x1.40mm_HandSolder,,,,smt,Resistor,,,,,,,,,,,
"R13, R14, R7, R8",4,100k,R_0805_2012Metric_Pad1.20x1.40mm_HandSolder,,,,smt,Resistor,,,,,,,,,,,
"SW1, SW10, SW11, SW12, SW2, SW3, SW4, SW5, SW6, SW7, SW8, SW9",12,SW_Push,SW_Cherry_MX_1.00u_PCB,,,,tht,"Push button switch, generic, two pins",,,,,,,,,,,
SW14,1,RotaryEncoder_Switch,RotaryEncoder_Alps_EC11E-Switch_Vertical_H20mm_CircularMountingHoles,,,,tht,"Rotary encoder, dual channel, incremental quadrate outputs, with switch",,,,,,,,,,,
"SW15, SW16",2,SW_Push,SW_Push_SPST_NO_Alps_SKRK,,,,smt,"Push button switch, generic, two pins",,,,,,,,,,,
SW17,1,MK-12C02-G020,MK-12C02-G020_GSW,,,,smt,,,,,,,,,,,,
TP1,1,RX,TestPoint_Pad_D1.5mm,,,,tht,test point,,,,,,,,,,,
TP2,1,TX,TestPoint_Pad_D1.5mm,,,,tht,test point,,,,,,,,,,,
TP3,1,Backlight,TestPoint_Pad_D1.5mm,,,,tht,test point,,,,,,,,,,,
U2,1,ME6211C33M5,SOT95P282X145-5N,,,,smt,"500mA low dropout linear regulator, shutdown pin, 6.5V max input voltage, 3.3V fixed positive output, SOT-23-5",,,,,,,,,,,
U3,1,SL2.1A,SO16,Package,,,smt,,,,,,,,https://www.snapeda.com/parts/SL2.1A/CoreChips+ShenZhen+CO.%252CLtd/view-part/?ref=snap,"
                        
                            USB 2.0 HIGH SPEED 4-PORT HUB CONTROLLER 
                        
","CoreChips ShenZhen CO.,Ltd",https://www.snapeda.com/parts/SL2.1A/CoreChips+ShenZhen+CO.%252CLtd/view-part/?ref=eda,SL2.1A
