{
    "manufacturer": "Ryan Brandt",
    "keyboard_name": "handwired/ryans_hackpad_working",
    "maintainer": "RyanBran888",
    "bootloader": "rp2040",
    "diode_direction": "COL2ROW",
    "features": {
        "bootmagic": true,
        "command": false,
        "console": false,
        "extrakey": true,
        "mousekey": true,
        "nkro": true
    },
    "matrix_pins": {
        "cols": ["Col1", "col2", "Col3", "Col4", "col5"],
        "rows": ["Row1", "row2", "Row3"]
    },
    "processor": "RP2040",
    "url": "",
    "usb": {
        "device_version": "1.0.0",
        "pid": "0x0000",
        "vid": "0xFEED"
    },
    "layouts": {
        "LAYOUT": {
            "layout": [
                {"matrix": [0, 0], "x": 0, "y": 0},
                {"matrix": [0, 1], "x": 1, "y": 0},
                {"matrix": [0, 2], "x": 2, "y": 0},
                {"matrix": [0, 3], "x": 3, "y": 0},
                {"matrix": [1, 0], "x": 4, "y": 0},
                {"matrix": [1, 1], "x": 0, "y": 1},
                {"matrix": [1, 2], "x": 1, "y": 1},
                {"matrix": [1, 3], "x": 2, "y": 1},
                {"matrix": [2, 0], "x": 3, "y": 1},
                {"matrix": [2, 1], "x": 4, "y": 1},
                {"matrix": [2, 2], "x": 0, "y": 2},
                {"matrix": [2, 3], "x": 1, "y": 2},
                {"matrix": [3, 0], "x": 2, "y": 2},
                {"matrix": [3, 1], "x": 3, "y": 2},
            ]
        }
    }
}