﻿Designator,Footprint,Quantity,Value,LCSC Part #
"D1, D10, D11, D12, D13, D14, D15, D16, D17, D18, D19, D2, D20, D21, D22, D23, D24, D25, D26, D27, D28, D29, D3, D30, D31, D32, D33, D34, D35, D36, D37, D38, D39, D4, D40, D41, D42, D5, D6, D7, D8, D9",Diode_DO-35,42,D,
"SW1, SW10, SW11, SW12, SW13, SW14, SW15, SW16, SW17, SW18, SW19, SW2, SW20, SW21, SW22, SW23, SW24, SW26, SW27, SW28, SW29, SW3, SW31, SW32, SW33, SW34, SW35, SW36, SW37, SW38, SW39, SW40, SW41, SW42, SW5, SW6, SW7, SW8, SW9",Hotswap_Choc_V1,39,Switch,
"SW25, SW4",Hotswap_Choc_V1_1.50u_90deg,2,Switch,
SW30,Hotswap_Choc_V2,1,Switch,
"U1, U2",Raspberry_Pi_Pico,2,Raspberry_Pi_Pico,
"U3, U4",TRRS_PJ-320A,2,TRRS,
