{
    "manufacturer": "trains",
    "keyboard_name": "trains_macropad",
    "maintainer": "i-like-trains72",
    "bootloader": "rp2040",
    "diode_direction": "COL2ROW",
    "features": {
        "bootmagic": true,
        "command": false,
        "console": false,
        "extrakey": true,
        "mousekey": true,
        "nkro": true
    },
    "matrix_pins": {
        "cols": ["C2", "C2", "C2", "C2"],
        "rows": ["D1", "D1"]
    },
    "processor": "RP2040",
    "url": "https://github.com/i-like-trains72/trains_macropad",
    "usb": {
        "device_version": "1.0.0",
        "pid": "0x0000",
        "vid": "0xFEED"
    },
    "layouts": {
        "LAYOUT_ortho_2x4": {
            "layout": [
                {"matrix": [0, 0], "x": 0, "y": 0},
                {"matrix": [0, 1], "x": 1, "y": 0},
                {"matrix": [0, 2], "x": 2, "y": 0},
                {"matrix": [0, 3], "x": 3, "y": 0},
                {"matrix": [0, 4], "x": 4, "y": 0},
                {"matrix": [1, 0], "x": 0, "y": 1},
                {"matrix": [1, 1], "x": 1, "y": 1},
                {"matrix": [1, 2], "x": 2, "y": 1},
                {"matrix": [1, 3], "x": 3, "y": 1},
                {"matrix": [1, 4], "x": 4, "y": 1}
            ]
        }
    }
}