﻿Designator,Footprint,Quantity,Value,LCSC Part #
"D1, D10, D11, D12, D13, D14, D15, D16, D17, D18, D19, D2, D21, D22, D23, D24, D26, D27, D28, D29, D3, D31, D32, D33, D34, D35, D36, D37, D38, D39, D4, D41, D42, D43, D44, D46, D47, D48, D49, D5, D51, D52, D53, D54, D55, D56, D57, D58, D59, D6, D60, D65, D66, D69, D7, D70, D71, D72, D73, D74, D8",Diode_DO-35,61,D,
J1,PinHeader_1x04_P2.54mm_Vertical,1,Conn_01x04,
"SW1, SW10, SW11, SW12, SW13, SW14, SW15, SW16, SW17, SW18, SW19, SW2, SW20, SW21, SW22, SW23, SW24, SW25, SW26, SW27, SW28, SW29, SW3, SW30, SW31, SW32, SW33, SW34, SW35, SW36, SW37, SW38, SW39, SW4, SW40, SW41, SW42, SW43, SW44, SW45, SW46, SW47, SW48, SW49, SW5, SW50, SW51, SW52, SW53, SW54, SW55, SW56, SW57, SW58, SW59, SW6, SW60, SW61, SW7, SW8, SW9",MX_Solder_1.00u,61,SW_Push,
U1,Raspberry_Pi_Pico,1,Raspberry_Pi_Pico,
