{
    "manufacturer": "strixt17",
    "keyboard_name": "Strixt_pad",
    "maintainer": "strixt17",
    "bootloader": "rp2040",
    "diode_direction": "COL2ROW",
    "features": {
        "bootmagic": true,
        "command": false,
        "console": false,
        "extrakey": true,
        "mousekey": true,
        "nkro": true
    },
    "matrix_pins": {
        "rows": ["GP3", "GP4", "GP7", "GP1"],
        "cols": ["GP26", "GP27", "GP28"]
    },
    "processor": "RP2040",
    "url": "https://github.com/strixt17/Strixt_pad",
    "usb": {
        "device_version": "1.0.0",
        "pid": "0x0000",
        "vid": "0xFEED"
    },
    "layouts": {
        "LAYOUT": {
            "layout": [
                { "matrix": [0, 0], "x": 0, "y": 0 }, 
                { "matrix": [0, 1], "x": 1, "y": 0 }, 
                { "matrix": [0, 2], "x": 2, "y": 0 }, 
                
                { "matrix": [1, 0], "x": 0, "y": 1 },  
                { "matrix": [1, 1], "x": 1, "y": 1 },  
                { "matrix": [1, 2], "x": 2, "y": 1 },  
                
                { "matrix": [2, 0], "x": 0, "y": 2 }, 
                { "matrix": [2, 1], "x": 1, "y": 2 }, 
                { "matrix": [2, 2], "x": 2, "y": 2 }, 

                { "matrix": [3, 0], "x": 0, "y": 3 }, 
                { "matrix": [3, 1], "x": 1, "y": 3 }, 
                { "matrix": [3, 2], "x": 2, "y": 3 }  
            ]
        }
    }
}
