{
"lengthUnit": "mil",
"components": {
	"fields": ["COMPONENT_NO", "COMPONENT_NAME", "LAYER", "X_COORDINATE", "Y_COORDINATE", "ANGLE"],
	"rows": [
		[1, "D1", "B", 970, 2085, 270],
		[2, "D2", "B", 1720, 2085, 270],
		[3, "D3", "B", 2470, 2085, 270],
		[4, "D4", "B", 970, 1330, 270],
		[5, "D5", "B", 1720, 1330, 270],
		[6, "D6", "B", 2470, 1330, 270],
		[7, "D7", "B", 970, 580, 270],
		[8, "D8", "B", 1720, 575, 270],
		[9, "D9", "B", 2470, 580, 270],
		[10, "ENC1", "T", 2225, 2925, 0],
		[11, "OLED1", "T", 270, 2925, 0],
		[12, "SW1", "T", 595, 2115, 0],
		[13, "SW2", "T", 1345, 2115, 0],
		[14, "SW3", "T", 2095, 2115, 0],
		[15, "SW4", "T", 595, 1364.6, 0],
		[16, "SW5", "T", 1345, 1365, 0],
		[17, "SW6", "T", 2095, 1365, 0],
		[18, "SW7", "T", 595, 615, 0],
		[19, "SW8", "T", 1345, 614.6, 0],
		[20, "SW9", "T", 2095, 615, 0],
		[21, "U1", "B", 1650, 3225, 180]
	]
},
"pins": {
	"fields": ["PIN_NO", "PIN_NAME", "PIN_X", "PIN_Y", "LAYER", "PIN_TYPE", "NET_NAME", "NET_TYPE", "PAD_SHAPE", "PAD_SIZEX", "PAD_SIZEY", "HOLE_SIZE", "PAD_ANGLE"],
	"rows": [
		[1, "D1_1", 970, 2321.22, "T", "DIP", "SW1_2", "", "C", 86.61, 86.61, 36, 90],
		[2, "D1_1", 970, 2321.22, "B", "DIP", "SW1_2", "", "C", 86.61, 86.61, 36, 90],
		[3, "D1_2", 970, 1888.15, "T", "DIP", "ROW0", "", "C", 86.61, 86.61, 36, 90],
		[4, "D1_2", 970, 1888.15, "B", "DIP", "ROW0", "", "C", 86.61, 86.61, 36, 90],
		[5, "D2_1", 1720, 2321.22, "T", "DIP", "SW2_2", "", "C", 86.61, 86.61, 36, 90],
		[6, "D2_1", 1720, 2321.22, "B", "DIP", "SW2_2", "", "C", 86.61, 86.61, 36, 90],
		[7, "D2_2", 1720, 1888.15, "T", "DIP", "ROW0", "", "C", 86.61, 86.61, 36, 90],
		[8, "D2_2", 1720, 1888.15, "B", "DIP", "ROW0", "", "C", 86.61, 86.61, 36, 90],
		[9, "D3_1", 2470, 2321.22, "T", "DIP", "SW3_2", "", "C", 86.61, 86.61, 36, 90],
		[10, "D3_1", 2470, 2321.22, "B", "DIP", "SW3_2", "", "C", 86.61, 86.61, 36, 90],
		[11, "D3_2", 2470, 1888.15, "T", "DIP", "ROW0", "", "C", 86.61, 86.61, 36, 90],
		[12, "D3_2", 2470, 1888.15, "B", "DIP", "ROW0", "", "C", 86.61, 86.61, 36, 90],
		[13, "D4_1", 970, 1566.22, "T", "DIP", "SW4_2", "", "C", 86.61, 86.61, 36, 90],
		[14, "D4_1", 970, 1566.22, "B", "DIP", "SW4_2", "", "C", 86.61, 86.61, 36, 90],
		[15, "D4_2", 970, 1133.15, "T", "DIP", "ROW1", "", "C", 86.61, 86.61, 36, 90],
		[16, "D4_2", 970, 1133.15, "B", "DIP", "ROW1", "", "C", 86.61, 86.61, 36, 90],
		[17, "D5_1", 1720, 1566.22, "T", "DIP", "SW5_2", "", "C", 86.61, 86.61, 36, 90],
		[18, "D5_1", 1720, 1566.22, "B", "DIP", "SW5_2", "", "C", 86.61, 86.61, 36, 90],
		[19, "D5_2", 1720, 1133.15, "T", "DIP", "ROW1", "", "C", 86.61, 86.61, 36, 90],
		[20, "D5_2", 1720, 1133.15, "B", "DIP", "ROW1", "", "C", 86.61, 86.61, 36, 90],
		[21, "D6_1", 2470, 1566.22, "T", "DIP", "SW6_2", "", "C", 86.61, 86.61, 36, 90],
		[22, "D6_1", 2470, 1566.22, "B", "DIP", "SW6_2", "", "C", 86.61, 86.61, 36, 90],
		[23, "D6_2", 2470, 1133.15, "T", "DIP", "ROW1", "", "C", 86.61, 86.61, 36, 90],
		[24, "D6_2", 2470, 1133.15, "B", "DIP", "ROW1", "", "C", 86.61, 86.61, 36, 90],
		[25, "D7_1", 970, 816.22, "T", "DIP", "SW7_2", "", "C", 86.61, 86.61, 36, 90],
		[26, "D7_1", 970, 816.22, "B", "DIP", "SW7_2", "", "C", 86.61, 86.61, 36, 90],
		[27, "D7_2", 970, 383.15, "T", "DIP", "ROW2", "", "C", 86.61, 86.61, 36, 90],
		[28, "D7_2", 970, 383.15, "B", "DIP", "ROW2", "", "C", 86.61, 86.61, 36, 90],
		[29, "D8_1", 1720, 811.22, "T", "DIP", "SW8_2", "", "C", 86.61, 86.61, 36, 90],
		[30, "D8_1", 1720, 811.22, "B", "DIP", "SW8_2", "", "C", 86.61, 86.61, 36, 90],
		[31, "D8_2", 1720, 378.15, "T", "DIP", "ROW2", "", "C", 86.61, 86.61, 36, 90],
		[32, "D8_2", 1720, 378.15, "B", "DIP", "ROW2", "", "C", 86.61, 86.61, 36, 90],
		[33, "D9_1", 2470, 816.22, "T", "DIP", "SW9_2", "", "C", 86.61, 86.61, 36, 90],
		[34, "D9_1", 2470, 816.22, "B", "DIP", "SW9_2", "", "C", 86.61, 86.61, 36, 90],
		[35, "D9_2", 2470, 383.15, "T", "DIP", "ROW2", "", "C", 86.61, 86.61, 36, 90],
		[36, "D9_2", 2470, 383.15, "B", "DIP", "ROW2", "", "C", 86.61, 86.61, 36, 90],
		[37, "ENC1_1", 2126.58, 3210.43, "T", "DIP", "5V", "", "C", 70.87, 70.87, 47.24, 0],
		[38, "ENC1_1", 2126.58, 3210.43, "B", "DIP", "5V", "", "C", 70.87, 70.87, 47.24, 0],
		[39, "ENC1_2", 2323.43, 3210.43, "T", "DIP", "ENCBTN", "", "C", 70.87, 70.87, 47.24, 0],
		[40, "ENC1_2", 2323.43, 3210.43, "B", "DIP", "ENCBTN", "", "C", 70.87, 70.87, 47.24, 0],
		[41, "ENC1_A", 2126.58, 2639.57, "T", "DIP", "PINA", "", "C", 70.87, 70.87, 47.24, 0],
		[42, "ENC1_A", 2126.58, 2639.57, "B", "DIP", "PINA", "", "C", 70.87, 70.87, 47.24, 0],
		[43, "ENC1_B", 2323.43, 2639.57, "T", "DIP", "PINB", "", "C", 70.87, 70.87, 47.24, 0],
		[44, "ENC1_B", 2323.43, 2639.57, "B", "DIP", "PINB", "", "C", 70.87, 70.87, 47.24, 0],
		[45, "ENC1_C", 2225, 2639.57, "T", "DIP", "GND", "GND", "C", 70.87, 70.87, 47.24, 0],
		[46, "ENC1_C", 2225, 2639.57, "B", "DIP", "GND", "GND", "C", 70.87, 70.87, 47.24, 0],
		[47, "ENC1_MT1", 2000.59, 2934.84, "T", "DIP", "ENC1_MT1", "", "O", 94.49, 149.61, 110.24, 0],
		[48, "ENC1_MT1", 2000.59, 2934.84, "B", "DIP", "ENC1_MT1", "", "O", 94.49, 149.61, 110.24, 0],
		[49, "ENC1_MT2", 2449.41, 2934.84, "T", "DIP", "ENC1_MT2", "", "O", 94.49, 149.61, 110.24, 0],
		[50, "ENC1_MT2", 2449.41, 2934.84, "B", "DIP", "ENC1_MT2", "", "O", 94.49, 149.61, 110.24, 0],
		[51, "OLED1_1", 270, 2775, "T", "DIP", "GND", "GND", "C", 62.99, 62.99, 39.37, 0],
		[52, "OLED1_1", 270, 2775, "B", "DIP", "GND", "GND", "C", 62.99, 62.99, 39.37, 0],
		[53, "OLED1_2", 270, 2875, "T", "DIP", "3.3V", "", "C", 62.99, 62.99, 39.37, 0],
		[54, "OLED1_2", 270, 2875, "B", "DIP", "3.3V", "", "C", 62.99, 62.99, 39.37, 0],
		[55, "OLED1_3", 270, 2975, "T", "DIP", "SCL", "", "C", 62.99, 62.99, 39.37, 0],
		[56, "OLED1_3", 270, 2975, "B", "DIP", "SCL", "", "C", 62.99, 62.99, 39.37, 0],
		[57, "OLED1_4", 270, 3075, "T", "DIP", "SDA", "", "C", 62.99, 62.99, 39.37, 0],
		[58, "OLED1_4", 270, 3075, "B", "DIP", "SDA", "", "C", 62.99, 62.99, 39.37, 0],
		[59, "SW1_1", 445, 2215, "T", "DIP", "COL0", "", "C", 88.58, 88.58, 57.87, 0],
		[60, "SW1_1", 445, 2215, "B", "DIP", "COL0", "", "C", 88.58, 88.58, 57.87, 0],
		[61, "SW1_2", 695, 2315, "T", "DIP", "SW1_2", "", "C", 88.58, 88.58, 57.87, 0],
		[62, "SW1_2", 695, 2315, "B", "DIP", "SW1_2", "", "C", 88.58, 88.58, 57.87, 0],
		[63, "SW2_1", 1195, 2215, "T", "DIP", "COL1", "", "C", 88.58, 88.58, 57.87, 0],
		[64, "SW2_1", 1195, 2215, "B", "DIP", "COL1", "", "C", 88.58, 88.58, 57.87, 0],
		[65, "SW2_2", 1445, 2315, "T", "DIP", "SW2_2", "", "C", 88.58, 88.58, 57.87, 0],
		[66, "SW2_2", 1445, 2315, "B", "DIP", "SW2_2", "", "C", 88.58, 88.58, 57.87, 0],
		[67, "SW3_1", 1945, 2215, "T", "DIP", "COL2", "", "C", 88.58, 88.58, 57.87, 0],
		[68, "SW3_1", 1945, 2215, "B", "DIP", "COL2", "", "C", 88.58, 88.58, 57.87, 0],
		[69, "SW3_2", 2195, 2315, "T", "DIP", "SW3_2", "", "C", 88.58, 88.58, 57.87, 0],
		[70, "SW3_2", 2195, 2315, "B", "DIP", "SW3_2", "", "C", 88.58, 88.58, 57.87, 0],
		[71, "SW4_1", 445, 1464.6, "T", "DIP", "COL0", "", "C", 88.58, 88.58, 57.87, 0],
		[72, "SW4_1", 445, 1464.6, "B", "DIP", "COL0", "", "C", 88.58, 88.58, 57.87, 0],
		[73, "SW4_2", 695, 1564.6, "T", "DIP", "SW4_2", "", "C", 88.58, 88.58, 57.87, 0],
		[74, "SW4_2", 695, 1564.6, "B", "DIP", "SW4_2", "", "C", 88.58, 88.58, 57.87, 0],
		[75, "SW5_1", 1195, 1465, "T", "DIP", "COL1", "", "C", 88.58, 88.58, 57.87, 0],
		[76, "SW5_1", 1195, 1465, "B", "DIP", "COL1", "", "C", 88.58, 88.58, 57.87, 0],
		[77, "SW5_2", 1445, 1565, "T", "DIP", "SW5_2", "", "C", 88.58, 88.58, 57.87, 0],
		[78, "SW5_2", 1445, 1565, "B", "DIP", "SW5_2", "", "C", 88.58, 88.58, 57.87, 0],
		[79, "SW6_1", 1945, 1465, "T", "DIP", "COL2", "", "C", 88.58, 88.58, 57.87, 0],
		[80, "SW6_1", 1945, 1465, "B", "DIP", "COL2", "", "C", 88.58, 88.58, 57.87, 0],
		[81, "SW6_2", 2195, 1565, "T", "DIP", "SW6_2", "", "C", 88.58, 88.58, 57.87, 0],
		[82, "SW6_2", 2195, 1565, "B", "DIP", "SW6_2", "", "C", 88.58, 88.58, 57.87, 0],
		[83, "SW7_1", 445, 715, "T", "DIP", "COL0", "", "C", 88.58, 88.58, 57.87, 0],
		[84, "SW7_1", 445, 715, "B", "DIP", "COL0", "", "C", 88.58, 88.58, 57.87, 0],
		[85, "SW7_2", 695, 815, "T", "DIP", "SW7_2", "", "C", 88.58, 88.58, 57.87, 0],
		[86, "SW7_2", 695, 815, "B", "DIP", "SW7_2", "", "C", 88.58, 88.58, 57.87, 0],
		[87, "SW8_1", 1195, 714.6, "T", "DIP", "COL1", "", "C", 88.58, 88.58, 57.87, 0],
		[88, "SW8_1", 1195, 714.6, "B", "DIP", "COL1", "", "C", 88.58, 88.58, 57.87, 0],
		[89, "SW8_2", 1445, 814.6, "T", "DIP", "SW8_2", "", "C", 88.58, 88.58, 57.87, 0],
		[90, "SW8_2", 1445, 814.6, "B", "DIP", "SW8_2", "", "C", 88.58, 88.58, 57.87, 0],
		[91, "SW9_1", 1945, 715, "T", "DIP", "COL2", "", "C", 88.58, 88.58, 57.87, 0],
		[92, "SW9_1", 1945, 715, "B", "DIP", "COL2", "", "C", 88.58, 88.58, 57.87, 0],
		[93, "SW9_2", 2195, 815, "T", "DIP", "SW9_2", "", "C", 88.58, 88.58, 57.87, 0],
		[94, "SW9_2", 2195, 815, "B", "DIP", "SW9_2", "", "C", 88.58, 88.58, 57.87, 0],
		[95, "U1_0", 1650, 3225, "T", "DIP", "COL0", "", "C", 60, 60, 36, 0],
		[96, "U1_0", 1650, 3225, "B", "DIP", "COL0", "", "C", 60, 60, 36, 0],
		[97, "U1_1", 1650, 3125, "T", "DIP", "COL1", "", "C", 60, 60, 36, 0],
		[98, "U1_1", 1650, 3125, "B", "DIP", "COL1", "", "C", 60, 60, 36, 0],
		[99, "U1_2", 1650, 3025, "T", "DIP", "COL2", "", "C", 60, 60, 36, 0],
		[100, "U1_2", 1650, 3025, "B", "DIP", "COL2", "", "C", 60, 60, 36, 0],
		[101, "U1_3", 1650, 2925, "T", "DIP", "ROW0", "", "C", 60, 60, 36, 0],
		[102, "U1_3", 1650, 2925, "B", "DIP", "ROW0", "", "C", 60, 60, 36, 0],
		[103, "U1_4", 1650, 2825, "T", "DIP", "SDA", "", "C", 60, 60, 36, 0],
		[104, "U1_4", 1650, 2825, "B", "DIP", "SDA", "", "C", 60, 60, 36, 0],
		[105, "U1_5", 1650, 2725, "T", "DIP", "SCL", "", "C", 60, 60, 36, 0],
		[106, "U1_5", 1650, 2725, "B", "DIP", "SCL", "", "C", 60, 60, 36, 0],
		[107, "U1_6", 1650, 2625, "T", "DIP", "ROW1", "", "C", 60, 60, 36, 0],
		[108, "U1_6", 1650, 2625, "B", "DIP", "ROW1", "", "C", 60, 60, 36, 0],
		[109, "U1_7", 1050, 2625, "T", "DIP", "ROW2", "", "C", 60, 60, 36, 0],
		[110, "U1_7", 1050, 2625, "B", "DIP", "ROW2", "", "C", 60, 60, 36, 0],
		[111, "U1_8", 1050, 2725, "T", "DIP", "ENCBTN", "", "C", 60, 60, 36, 0],
		[112, "U1_8", 1050, 2725, "B", "DIP", "ENCBTN", "", "C", 60, 60, 36, 0],
		[113, "U1_9", 1050, 2825, "T", "DIP", "PINA", "", "C", 60, 60, 36, 0],
		[114, "U1_9", 1050, 2825, "B", "DIP", "PINA", "", "C", 60, 60, 36, 0],
		[115, "U1_10", 1050, 2925, "T", "DIP", "PINB", "", "C", 60, 60, 36, 0],
		[116, "U1_10", 1050, 2925, "B", "DIP", "PINB", "", "C", 60, 60, 36, 0],
		[117, "U1_11", 1050, 3025, "T", "DIP", "3.3V", "", "C", 60, 60, 36, 0],
		[118, "U1_11", 1050, 3025, "B", "DIP", "3.3V", "", "C", 60, 60, 36, 0],
		[119, "U1_12", 1050, 3125, "T", "DIP", "GND", "GND", "C", 60, 60, 36, 0],
		[120, "U1_12", 1050, 3125, "B", "DIP", "GND", "GND", "C", 60, 60, 36, 0],
		[121, "U1_13", 1050, 3225, "T", "DIP", "5V", "", "C", 60, 60, 36, 0],
		[122, "U1_13", 1050, 3225, "B", "DIP", "5V", "", "C", 60, 60, 36, 0]
	]
}
}